id,path,bytes,sha256,extension
1,experiments/terrace/AGENTS.md,1131,0f5304a3b34e836045863f758ab115df750b0be51f130b403a4d8132f71678ac,.md
2,experiments/terrace/assets/audio/ambience_forest.wav,1764044,80f3b619ab1d6319eae3b7b3fcf5cc01d65ecd119b6392e8e75809332c6f0bc8,.wav
3,experiments/terrace/assets/audio/ambience_forest.wav.import,515,df647c3e1b0e35f203306b55424ce134e7ed257edb566419ddb3369a2a043b1c,.import
4,experiments/terrace/assets/audio/ambience_reservoir.wav,1764044,af6ca4be7b5c6b3caa1efa778543435088445ef3fca31ee18669fd5b19aa317e,.wav
5,experiments/terrace/assets/audio/ambience_reservoir.wav.import,525,0951aef7031c42c5a9e99e3eb1af5b6d0efc593d84e9989fcd152f5478e6f50e,.import
6,experiments/terrace/assets/audio/ambience_water.wav,1764044,82a5766e0792bebe4a8c18f30b6a2f656c12ecf55326b172783a2e9f2e95c225,.wav
7,experiments/terrace/assets/audio/ambience_water.wav.import,512,bb843af04da7eb869a06fab9fb33c5188b502aae7f3be05e3464ea5b16c6602f,.import
8,experiments/terrace/assets/audio/auto.wav,9746,6fd9dd4a72375c60685033c3437662b4240baff69475ec61738e7cec382619b3,.wav
9,experiments/terrace/assets/audio/auto.wav.import,483,030c1d5ef670657c5d88e72c1a69bf6dd0561136374e34e89026b5253855cf51,.import
10,experiments/terrace/assets/audio/cast.wav,8864,990829c36c7f04a2ad4f24eb7c1fefedcd852cb026c823e4165c240f606e6ed3,.wav
11,experiments/terrace/assets/audio/cast.wav.import,482,7ec812003b364f674d5917765dfefaffcb1ee0f0dd1e6854f86514685f963661,.import
12,experiments/terrace/assets/audio/dash.wav,8864,e728e8d68d7f3f2a8daf8e21e2a3be816beba00c55f86e6148fb6e4f93cbc801,.wav
13,experiments/terrace/assets/audio/dash.wav.import,482,223a187b8b1008352ce904ea2dbb871df2852e7fe14df39442e436a61713f20e,.import
14,experiments/terrace/assets/audio/heavy.wav,12392,490f57d14d1cf4954cb0ed4b1afcb0e7e1a468b3b8e7befa9e152f3e38b01cda,.wav
15,experiments/terrace/assets/audio/heavy.wav.import,486,4e843be753c1e6a949999b74a2ae1523e88fce23c4c48f9eb8dc52e0956bde3b,.import
16,experiments/terrace/assets/audio/hit.wav,7100,b7cd542140e68f111d04decb8a73079a2789ef5a40b388b1c6fc4c914ee69e35,.wav
17,experiments/terrace/assets/audio/hit.wav.import,479,162e3284099e0726e1f773e995b6650fa1eed9925a62ca9c9908050285a874dd,.import
18,experiments/terrace/assets/audio/hurt.wav,14156,c6c800a564d57ceec33f8390a5cab1f7d6decb41edd29df5b15681782a1d4857,.wav
19,experiments/terrace/assets/audio/hurt.wav.import,482,1fba72d86aeea1d4f1d7e07b76df2b1099355c12ae396b44434b947ab0f73765,.import
20,experiments/terrace/assets/audio/reward.wav,28708,6909966d3426addc5a7e09bae94d0db5ca2cc6d3edc2dd18d19beaac5ad1f398,.wav
21,experiments/terrace/assets/audio/reward.wav.import,488,685e62d315ae96ee34a3092a2dd09e6b3a12818dc0a5ae402e9d3ea00e4eb384,.import
22,experiments/terrace/assets/audio/warning.wav,19888,0f9b43ff9a299e186668aa1186c058b3de6ce35050e2f51a1176da285143e969,.wav
23,experiments/terrace/assets/audio/warning.wav.import,491,ebb182b3b8f541c3d6ec208b2b56d86fd7aa14073d88185cc1d6d62e1b2f8530,.import
24,experiments/terrace/assets/enemies/forest_creatures_v1.json,2195,6e0df360cda23cd4ef5fdc83c17375158c0c8460c22a7fc526e33d9e5d4322f6,.json
25,experiments/terrace/assets/enemies/forest_creatures_v1.png,1676982,a0ef4081defae33a93d4b1e82bf053e809b3edf9c7e40a5588fdd5b99e12ffbb,.png
26,experiments/terrace/assets/enemies/forest_creatures_v1.png.import,975,a863b744eaea34b9c3496092d56b63024a9083a1c0940409335d8df43ed6354d,.import
27,experiments/terrace/assets/enemies/ruin_guardian_v1.json,1097,82fdbcdf8e2970b4098004f1582dc4f837fedd7fafc4ad4914e23ddc87885b23,.json
28,experiments/terrace/assets/enemies/ruin_guardian_v1.png,2186309,8b2dd53d1b164e9ba5d44d7a4474c9cb6d26cdcd24b8a6b101727731405e704e,.png
29,experiments/terrace/assets/enemies/ruin_guardian_v1.png.import,966,2a63d95a21bfab244bd5d4d90f53322b74e17498c0c42f631c2e79f9ca96e4b3,.import
30,experiments/terrace/assets/environment/canal_shelter_v1.png,2608220,497cc573b735c13e385720cbdbb945d0931411c637a2b11948ad900a7f242bd9,.png
31,experiments/terrace/assets/environment/canal_shelter_v1.png.import,970,ad170b9596ad3d3728236bb9dcea64738f32336f5d8bd1daf8ee37bdd1ded274,.import
32,experiments/terrace/assets/environment/forest_floor_v1.png,2471210,575e97fdbdcbfb906dfc17d68b0d906ca5ff27e36a9260c6f972dc561fed2936,.png
33,experiments/terrace/assets/environment/forest_floor_v1.png.import,967,0509aff9416e0828c28c13b6f11603998e199f024a0085e7cf5cde0b1a9d0e0f,.import
34,experiments/terrace/assets/environment/garden_waystone_v1.png,1985602,ed31de3c5b71cafd78a9130348ac7e25cef693598f86747f6dab856b2f68499b,.png
35,experiments/terrace/assets/environment/garden_waystone_v1.png.import,976,5afab45e967310d18fcac9dc635739739e07bb1d9d9efeb6be6ba8f50952703a,.import
36,experiments/terrace/assets/environment/jungle_distance_v1.png,1945995,fa86639f59f040f642efe4c25aee7fe7d73232f9a9a8c8553eeaa1892118e8ff,.png
37,experiments/terrace/assets/environment/jungle_distance_v1.png.import,977,78a78bdcd8628b13dc055f632eccb4f8730be9e0114471393f4892c8c4ff2aef,.import
38,experiments/terrace/assets/environment/monsoon_props_v1.json,460,90367e33bd76a212ec1f294c1f7e8a60edc680347601094019a27c0a46d1adf3,.json
39,experiments/terrace/assets/environment/monsoon_props_v1.png,1928602,419dc11f5598d31d10b7e4c133361f480d451acc0422e880e1d1f043b7d76c42,.png
40,experiments/terrace/assets/environment/monsoon_props_v1.png.import,970,0f0147ab71c4184c9e3dcdf52dbe58f1b2a8440a8f54f44df450a3daa27c4d4b,.import
41,experiments/terrace/assets/environment/reservoir_floor_v1.png,2565371,caf394c2db1783a251746c2950abccf0cfc233aec9a0865548141fc70682aeb2,.png
42,experiments/terrace/assets/environment/reservoir_floor_v1.png.import,977,257a0056d07e261750343dcc23bb03d251f2ac768d02c545a74f5433526703ea,.import
43,experiments/terrace/assets/environment/reservoir_masonry_v1.png,3023465,979214cd4f09ded6fa9890092add6b12e1a7004000572d19405fbf797303dcdb,.png
44,experiments/terrace/assets/environment/reservoir_masonry_v1.png.import,983,0394adc6204e406f29ae8556b8d6b5e16ad8fbb5d99a9a15c94a97399aa8fb09,.import
45,experiments/terrace/assets/environment/temple_face_v1.png,2776514,40f528c9ceacb7701387925d06e49ca272aa68325430ac177b65242d45dd6b6f,.png
46,experiments/terrace/assets/environment/temple_face_v1.png.import,965,766992e90091f175209e25ac28b38f80e81f78bfd480bab49ecc40d14cc9b67e,.import
47,experiments/terrace/assets/fonts/NanumGothic-Bold.ttf,2073868,f96298f9fb18e364d2370f4c3ce948ac67a2b61af992d7234bc15c42b033c674,.ttf
48,experiments/terrace/assets/fonts/NanumGothic-Bold.ttf.import,787,fd0d908afb365b77810e5cdafb2f5db144f999199bf08f489470be36aac829ab,.import
49,experiments/terrace/assets/fonts/NanumGothic-Regular.ttf,2054744,76f45ef4a6bcff344c837c95a7dcc26e017e38b5846d5ae0cdcb5b86be2e2d31,.ttf
50,experiments/terrace/assets/fonts/NanumGothic-Regular.ttf.import,796,1957dca23ad2f6b16c944ae624696c14172e536acf438e1f1730d0d9e845b3f7,.import
51,experiments/terrace/assets/fonts/OFL.txt,4534,eeacf16032901d0ed0456876ec77b8f0fda6b3fecec7d972f8543eb602e6c30f,.txt
52,experiments/terrace/assets/hero/grove_scholar_combo_v1.json,3625,8992ba887b6da09f687f6752ff37b21b8aa1a30045f02e65865d9e932f63631d,.json
53,experiments/terrace/assets/hero/grove_scholar_combo_v1.png,1996980,809106e519cd558079937292cf58a4f73f65f76f543d8928cad2260fe321e742,.png
54,experiments/terrace/assets/hero/grove_scholar_combo_v1.png.import,981,08639791655939e2b5b113317bbf6e53d8ab96d7208047947514db6aafe34232,.import
55,experiments/terrace/assets/hero/grove_scholar_eight_v1.json,2189,89ff148a90969635295d3ac3a9fbe2384e8305b548e623a914f67ae3fbc2f491,.json
56,experiments/terrace/assets/hero/grove_scholar_eight_v1.png,1809881,fc8e48461c35b84a450b58f2690ca01cb1e6e79783d1bb50690abc413828fb76,.png
57,experiments/terrace/assets/hero/grove_scholar_eight_v1.png.import,981,60165aa211ea4d643393949f051b4a0615a2ef4f6df81bc47842fdecd1902298,.import
58,experiments/terrace/assets/hero/grove_scholar_idle_v2.json,1083,2f4aa9e383f552aa0d712bbe4b2e64a9c9483f4b00314e6f19226cf4bdbb7e98,.json
59,experiments/terrace/assets/hero/grove_scholar_idle_v2.png,2231173,f44a4d5929b88049b1b1e9c32bff041c883b55313c9fe73575912340467b82e6,.png
60,experiments/terrace/assets/hero/grove_scholar_idle_v2.png.import,979,89b02fce99f1de33ba5f7efea0d30209302c3fa0d17351051ccb60c260ddc113,.import
61,experiments/terrace/assets/hero/grove_scholar_recovery_v1.json,2487,9f962ecbc8fce1215b135f604b63d1a4385a17a8252aa46aef587acc9fb44154,.json
62,experiments/terrace/assets/hero/grove_scholar_recovery_v1.png,1814272,6499209e68b4774007410b8583f4cc4dea4af05be49e7a3ab4c4f91451d9b48b,.png
63,experiments/terrace/assets/hero/grove_scholar_recovery_v1.png.import,991,bfa5962bde7ff38f335e3c1c8b18dac025063e0d7360e7a97bdcedb6d7958729,.import
64,experiments/terrace/assets/hero/grove_scholar_run_eight_v1.json,2190,fc0454bc19a0075c45af3007266c669389b25f4ca8319680122ac0b369b407ff,.json
65,experiments/terrace/assets/hero/grove_scholar_run_eight_v1.png,1728762,aee4e4592597346b3f982aea92f25a05a6cbb76d406349af89fea985cb50ba97,.png
66,experiments/terrace/assets/hero/grove_scholar_run_eight_v1.png.import,993,1df72ce855f1c342b210ec00ec05a39e0af4513a41362c0c4fe20fde9c322627,.import
67,experiments/terrace/assets/hero/grove_scholar_run_pass_v1.json,2193,db128477db8d3bca55837df1d99be2ad61f4f03e21057cdbe73ad19675ce806a,.json
68,experiments/terrace/assets/hero/grove_scholar_run_pass_v1.png,1582368,76450d0af3e76c18af492449371da5a86b1d41b973ff8f3a5be886376e7bbbef,.png
69,experiments/terrace/assets/hero/grove_scholar_run_pass_v1.png.import,990,1a2ee1c64dbe181eacb695aa3847d618850b58a5d8eb4b3ce2be3ab154ded52a,.import
70,experiments/terrace/assets/hero/grove_scholar_walk_eight_v2.json,2183,bab7bcb048abc0095043ab8e745b6c526e3ec0bd4bb27f2b48e106f8a14199a4,.json
71,experiments/terrace/assets/hero/grove_scholar_walk_eight_v2.png,1707713,06e7c4daf0f4304752700f1fb3c3ed779e1408ce28a1effef059e3e16e705897,.png
72,experiments/terrace/assets/hero/grove_scholar_walk_eight_v2.png.import,996,14cd82877e5fda8eeb02545ee25820d433cf528eb981f36cddbc87b8bcb57038,.import
73,experiments/terrace/assets/hero/grove_scholar_walk_pass_v2.json,2185,60eca659f20686f7567e45abe5ab7a188ff4c7029a58bb8f1d2939730a033ee9,.json
74,experiments/terrace/assets/hero/grove_scholar_walk_pass_v2.png,1688559,d8cc2fef33f1c4faf8929df6d9971aaf6ddb363c110d73df851fa670f2c0ad15,.png
75,experiments/terrace/assets/hero/grove_scholar_walk_pass_v2.png.import,994,c6a2f15b9b13bf1283dd3196b52353ea16f3ccd04ec953f65213dbb5bbefa69e,.import
76,experiments/terrace/docs/.gdignore,56,b5df967d3423763f461447c11dd5ab892c1b1ede3eb654c8751f9068b54aa0f3,
77,experiments/terrace/docs/D107_PERFORMANCE_REVIEW.md,7234,c142c7341366f7392307d3005fa9e351d2c1996a969e3bad1f134c1699320074,.md
78,experiments/terrace/docs/D112_CORE_RESPONSE_REVIEW.md,6627,7a3043599752c0e9c49d45b5b87ec2c54943edc46870567d12ba22c3dda09a33,.md
79,experiments/terrace/docs/D113_MACOS_BUILD.md,3118,82416d3220d35e120db52da4ff7bb44ebc971a576b0c9725549982c1ed704a73,.md
80,experiments/terrace/docs/WORK_LOG.md,50062,68715c97ffe2f0bb084133793b4505e1c9a7ab2cbd3d31e1c2ab64434ae102f5,.md
81,experiments/terrace/export_presets.cfg,1976,4f514ac3681c2336735ffd0749c0e43d549fb786637729261514186db048fe52,.cfg
82,experiments/terrace/game/ambience.gd,1508,9e8f416f67c37386ba89b40cfacc510c38c957d015a27bfa99a69b5f7e9d2213,.gd
83,experiments/terrace/game/ambience.gd.uid,20,112490ca9b860eb1ed6b56a26ce07405bbdc051fe45bcb5561a48f2c4b5c3f59,.uid
84,experiments/terrace/game/astral_energy.gdshader,1642,eba3652a2b4908443c7caee44775f3b6b42052d352f2717d2b016130d3e3004f,.gdshader
85,experiments/terrace/game/astral_energy.gdshader.uid,20,f54720e6a41d31f7b5d07d001b931e33ed0b526344a42c1381885eade77269f3,.uid
86,experiments/terrace/game/boot.gd,639,c6a8b76df00e245fb3e652cc8d2ee8d34b4701631057186e8b63ed4f59014938,.gd
87,experiments/terrace/game/boot.gd.uid,20,3f718d287a772cff6563b0daea33e81aad803bc8a6be4c05d7b810e67f841147,.uid
88,experiments/terrace/game/boot.tscn,156,a0b8faa13bda647421f870fa511424970af54caedbce4dc9947925f98276fbae,.tscn
89,experiments/terrace/game/combat.gd,4042,e44e8f991927f0b3243412eacd0db22d2712e9191139315ab0d10cbc473d11f4,.gd
90,experiments/terrace/game/combat.gd.uid,20,74cf8c4a290597bdf984e64725201ad79a28c3ba00963dc7eb7cb29847aeb3ae,.uid
91,experiments/terrace/game/combat_effect.gd,12888,090b77db25d74544b731b281a47b425dccc42828da7d80c00fcb8cf4c025241e,.gd
92,experiments/terrace/game/combat_effect.gd.uid,20,6fdbe661215c9150ad72e17bbc2694818a0ff3e0ac0fabb1ec168fb8e36ad3f9,.uid
93,experiments/terrace/game/contact.gdshader,263,ff7a1c7b7c24736e723d3eba05b2fcbd771465f25a42cc88ff27f2905f0be7d2,.gdshader
94,experiments/terrace/game/contact.gdshader.uid,20,82da9dfa3bc63032494eea15d6449ae13b5de7639ce509c4bc8f04621215b8dc,.uid
95,experiments/terrace/game/demo_menu.gd,7994,268af207830a8f9ed12d28befe554bedeb77922192a84eb9106da886456e134f,.gd
96,experiments/terrace/game/demo_menu.gd.uid,20,72b5cdc79a78ebbf789590136f4b39ac953f452f5b8ac1f71f39c8da79cb4459,.uid
97,experiments/terrace/game/demo_menu.tscn,168,df8a78339d5225622f9c6e9ebfff78194a80aba683e270dc38cd11e6985f3cf1,.tscn
98,experiments/terrace/game/effect_surface.gd,1085,6dce71e8061ad600c3627fcb69b923659a4c2a909200c2e541e1b72e713a2b68,.gd
99,experiments/terrace/game/effect_surface.gd.uid,20,ad95dfef5c577dfa4a2e503bc9b341daed62477a3321e6f25e805e85c3300a52,.uid
100,experiments/terrace/game/enemy.gd,8647,3273307ae222a6d9662f2ef01f51d37e8aa5dd68235bdce639c031720662f1cf,.gd
101,experiments/terrace/game/enemy.gd.uid,20,1e8f11668621611de43676ea1ed0799af86797e112e4d35320f55e8f5ec72219,.uid
102,experiments/terrace/game/enemy_visual.gd,2188,00b60d92d1cdd85d2baec00b346a4e38ef6460b6a66e5b9131b003016ec9ed9d,.gd
103,experiments/terrace/game/enemy_visual.gd.uid,20,4ccba151827dc5a1dc8cd69f2bc3d7fd68d38929eb6384cfa9ada2417cffa7aa,.uid
104,experiments/terrace/game/exploration.gd,9120,c403dffa23867567fb9fedb030df638177a791f13fc073c0a9f77c443602f251,.gd
105,experiments/terrace/game/exploration.gd.uid,20,e393ea25dc25560805d8b72d806eb30af1c41c7e76e80643b0c89bdbe56799bc,.uid
106,experiments/terrace/game/facility.gd,8971,ed5a1f16accdc24ffd4cf79342258c138784dcd018140599c4709aef306e67e4,.gd
107,experiments/terrace/game/facility.gd.uid,20,bd81efbe441992e83b907b9b60e8b5816da9ae8c0ec36524fb91618e8649d3d1,.uid
108,experiments/terrace/game/facility_stone.gdshader,942,2ddf51f6418d691cd5e43265bb4561f656edd814bc6d05e62b0cbfc42d094795,.gdshader
109,experiments/terrace/game/facility_stone.gdshader.uid,20,26aa47525fc7454f7ba8d27ebc5e4e0ce193fe21a2a22489d77de42d22c6704c,.uid
110,experiments/terrace/game/ground.gdshader,5138,6d7cb6ef0156a76cb3188ead02d6555df834f169f198e05e60afb827c9c49d62,.gdshader
111,experiments/terrace/game/ground.gdshader.uid,20,96fb340e1631f1d457da287dd37f753775a1feb3d79b4491d7fd0e43267bf439,.uid
112,experiments/terrace/game/ground_warning.gd,4040,8b464cd462c1f137bdd5317799e77894a8d0b842acda7d4f38b82acf2891b58a,.gd
113,experiments/terrace/game/ground_warning.gd.uid,20,c6cfd862cfb0f80628f5c7a5a49b52bb55f9c0b6063570fc4364d0aef8f204fa,.uid
114,experiments/terrace/game/grove_gate.gd,1956,cef6e901a318910e2ff7ca6c81448a9cbcf1ca1f7aacabdeb653a4c7d56cecee,.gd
115,experiments/terrace/game/grove_gate.gd.uid,20,0d79cf0e1f628ad54a5ac36acaa51833d9640c4859982871b4aed3a998d2cb36,.uid
116,experiments/terrace/game/grove_masonry.gd,1675,2d8c850dde5e44c3a26f97fb37f0c08369968008b911789ab29f4eaeef4b53da,.gd
117,experiments/terrace/game/grove_masonry.gd.uid,20,c9502c52eeadb0021c89a538c2b92768518f6e21d0344da430a06671aea0932e,.uid
118,experiments/terrace/game/hero_visual.gd,6038,786edf5fe41705c7547aff21f38fd46093f040fa95b7f2380ba1b43668cf8d53,.gd
119,experiments/terrace/game/hero_visual.gd.uid,19,02f88c11f10216cebc1ae90b8e6af953c35898c0aca3592598381129f4cf92fd,.uid
120,experiments/terrace/game/hud.gd,21696,1a798ca2a43246c316bb63bfe8d228695271e1e734608df17a495892b5c0eb73,.gd
121,experiments/terrace/game/hud.gd.uid,20,193a661d18e5a56a9ce130b6afb110db5e1388d4529712c52f94c56bb61f8b92,.uid
122,experiments/terrace/game/journey.gd,3226,854f1e432776784a9a63e0a221bb96cedb132415904b3222d485b73afafb38c0,.gd
123,experiments/terrace/game/journey.gd.uid,20,4abe7668eaaebbf283e98245ced52aa04b76c27ee8e4c08e1de4c7fca1080309,.uid
124,experiments/terrace/game/landscape.gd,11795,3b05aeced5b25bca00a5b911194b0c365ec32797aaf807568207636de84a6244,.gd
125,experiments/terrace/game/landscape.gd.uid,19,902b698802f90526d64bc1f802c39e67bf75c779ad04c13d6c5fb7f58ca9ee5c,.uid
126,experiments/terrace/game/path.gdshader,516,282f094da7c6bc0ce1c11cdc92bd379b7cc4cc5e653a6952de934b75c1ba5161,.gdshader
127,experiments/terrace/game/path.gdshader.uid,20,439fdb42cece645af704b9677348e72527e5b1932c3ef01e3a2302d3b1ffc854,.uid
128,experiments/terrace/game/player.gd,10999,85e84bf4a61c6fca0659f65b4b349f96ca657ab2834dbd64b31f4fe598e69fa4,.gd
129,experiments/terrace/game/player.gd.uid,20,7767424ca5dfcd5e7b89eb4c27273610468254003f2c7f7f73d062f85206a5a6,.uid
130,experiments/terrace/game/reservoir_keeper.gd,3481,b4506fac95c6770621e12d0ebc4c61f06ba4ab4b49a4fe9d5dfadaba1ce34585,.gd
131,experiments/terrace/game/reservoir_keeper.gd.uid,20,3c4bc228e61620cf2a86ccacd5fab8185d68d1eec1557771f6bca2aeed295851,.uid
132,experiments/terrace/game/ridge_caster.gd,2223,ac209fb2242dec19c47d7fa36d99e5142e9c756aea0f8e19a3f9c9d0747948ad,.gd
133,experiments/terrace/game/ridge_caster.gd.uid,19,797a45193607b6da69bb30f843c43f4bca05a61c138aa8c5d1bea9de676cd8cd,.uid
134,experiments/terrace/game/save_queue.gd,1131,2261c94545c2c161734617e423acc09a6ca674bbea95f0d5cd7ba46c41793156,.gd
135,experiments/terrace/game/save_queue.gd.uid,20,f5913cdecdf1a6348a9d0bf3c67acbf54a913c61b1aceef3b2ca5c657465e017,.uid
136,experiments/terrace/game/save_store.gd,1823,a1b3af52ba53cb425ac4545df5c2f129211d1d9ccf3b0a44ff658ba61d9b60e3,.gd
137,experiments/terrace/game/save_store.gd.uid,20,7503e7710ec8fb7fbcc01ec50f6a9f69db93ca5638b183d739726db9fe8ab49a,.uid
138,experiments/terrace/game/sluice_hoist.gd,2528,382e6514faabeb23cb58aba8981deb5008224b80e757630d050663c1c0edea7a,.gd
139,experiments/terrace/game/sluice_hoist.gd.uid,19,57c483050ab521a874d44eba97e25b0e9342e8f4e34d16130d34a043de65fec4,.uid
140,experiments/terrace/game/sluice_masonry.gd,1749,e35bd65aafb61b0215bd91de53b4a1ea59e5eb7ed518482310ac401e39f7c767,.gd
141,experiments/terrace/game/sluice_masonry.gd.uid,20,0d97a7ad6b1fb85477b5e38c6fbc57f595ba7a72c25d410adbb9b27646878e99,.uid
142,experiments/terrace/game/sound_bank.gd,1692,232d8c1a6695c80b6df3cf5dec7d620a2b4ad4df317ffcc7325d30083e5b0e56,.gd
143,experiments/terrace/game/sound_bank.gd.uid,20,0f3c158d642074dddd4915c1068f7ce00f04ef7b139d18841a8ba3ae692df9d9,.uid
144,experiments/terrace/game/story.gd,6901,c906f62c5e280fe5f017d4ccb312305626b1e7488e13cb83d215ad77b87f0633,.gd
145,experiments/terrace/game/story.gd.uid,20,3440ff41af908ac030d02a1371d544a6eefda81ad702a9796fd7ab7d171068c8,.uid
146,experiments/terrace/game/visuals.gd,4580,55ee11faf8851cc00ba481f74c50f60fdfdeb3fccd7c4b6db0403efa9f1df29e,.gd
147,experiments/terrace/game/visuals.gd.uid,20,eebae6cfc85681b52b6fdad576c883b7f1763c0c0f590777ec0e149e05d36163,.uid
148,experiments/terrace/game/water.gdshader,567,208114047800feafa7d08a3962ad63169c01e1c5c811038961b7d7e41eea37ea,.gdshader
149,experiments/terrace/game/water.gdshader.uid,20,1ba5bf030424e11788bacacbe6df31aa6b29a0115aec90a5a2fc5b198b317370,.uid
150,experiments/terrace/game/waterworks.gd,17062,0c0bb0167b2cd3ea5c0c40f4f9580ebbefb6336c1fbeaebe30a823b0b172d9bb,.gd
151,experiments/terrace/game/waterworks.gd.uid,20,4b59b46a689a863676df3b5148cf83e43fb71ecdcbaf6eb24472f901bad41b32,.uid
152,experiments/terrace/game/world.gd,23071,b0a206d51bcaafc59d33b64e8ce75711c46bce70b1d0538e7e3dee8d483f78f3,.gd
153,experiments/terrace/game/world.gd.uid,20,c39e45dc52901d5f7a90eb2275f9c4a4611364fd78ae9543179849ecc0e681cc,.uid
154,experiments/terrace/game/world.tscn,163,e84ad3036e7f557cad178642aab1f0b6f9e9b5fcc898b71f4b75099730606afc,.tscn
155,experiments/terrace/lab/compact_hud.gd,2730,0bf523f0609a8fbfa39c0aa713b4deb48cce0b22ba0341c25c77a87e37fd921c,.gd
156,experiments/terrace/lab/compact_hud.gd.uid,20,f8cac5b2fe0ae506d1d2f3d06bb8c0efd6e9920425fbc64ff7ff9baa10d31099,.uid
157,experiments/terrace/lab/distant_forest.gdshader,328,640a17b17c77c504e347f729028ff8ebd7d021194cbe11e3bd33424adae8e8d2,.gdshader
158,experiments/terrace/lab/distant_forest.gdshader.uid,20,e440455defcb5961f9c95fcb95fa9defb097790e33255c900e884fc21996fc7a,.uid
159,experiments/terrace/lab/exploration.gd,262,d84c7ee574f9eb10c3d8951bf558ebe0b7318bc99cb3c85cae4f99e5e23bd765,.gd
160,experiments/terrace/lab/exploration.gd.uid,20,ccd0e2874afd4e49a2c389dfba4af12c4c2b560729935f94625831cc87befed3,.uid
161,experiments/terrace/lab/ground.gdshader,1968,ea9181eecf64f1c8f935821887a0b9ee2912092a0a88c554325a0efec64b02a4,.gdshader
162,experiments/terrace/lab/ground.gdshader.uid,19,b1b6fccbcd3a35ef75e8537f50200f6acb2a2d0d5e9c4541a09db067b9bc58fa,.uid
163,experiments/terrace/lab/hud.gd,199,3ccbd8c3a5912adcf66f081ffa7125c10c326c987e2284a5f5858cf474c80932,.gd
164,experiments/terrace/lab/hud.gd.uid,20,d5199d3481e9a313004b255faad953cb8e2eba802d0bf710209b2912091c78b1,.uid
165,experiments/terrace/lab/journey.gd,12582,b472da839052d2998119141ce01bd0432c0792e950fb8dc661bb2ddb8f81dc54,.gd
166,experiments/terrace/lab/journey.gd.uid,20,901f46c47ab8390ac6795fbae7bda6412f192bdd43cbb4bd669957e2d51b51d3,.uid
167,experiments/terrace/lab/journey.tscn,160,1d6654132b2162fa59df48df41673d206e70d78530e5c30d9146d35be27e2fb0,.tscn
168,experiments/terrace/lab/jungle_shelves.gd,2064,f1d13a38f32b1b48276ad8cbc637061bac2b536ee302dd06196ed8bf794f0b77,.gd
169,experiments/terrace/lab/jungle_shelves.gd.uid,20,3a0a2e268bbaa8cae24c0b079e40322acd5ae36096d8ddd45c30789e93845ccd,.uid
170,experiments/terrace/lab/routes.gd,1386,997165946787467cd846662e19d62c3c9462eee752f3a9f73561dffbc7aafafe,.gd
171,experiments/terrace/lab/routes.gd.uid,20,67b4265b6889e042b03c567963a70a5c281e50102cd471c8ab2d22a59e8ba431,.uid
172,experiments/terrace/lab/spell_growth.gd,551,6b6d05cc4284d39b29cfa53a21260e63c2a51d5e8dcfdd0191db19f4183dedd6,.gd
173,experiments/terrace/lab/spell_growth.gd.uid,19,4655eb9c08c552a38c92af1bf5613a17b4f82539af1c49f42df4e4d5f2fc78fc,.uid
174,experiments/terrace/lab/surroundings.gd,1358,669bc103742ff96b29cbf239a64999cf73baeec335256571c3c719f5e71923c3,.gd
175,experiments/terrace/lab/surroundings.gd.uid,19,aaa2a6f62c33e743f68ffd6b0bda73e69f2cd838ddb586cedf9331be5c079abe,.uid
176,experiments/terrace/lab/thresholds.gd,3343,769a381c873dd738c2ff360afc341d0061d172e4d1e3bfd09930c06a5a072063,.gd
177,experiments/terrace/lab/thresholds.gd.uid,20,5d51bc6105af6aea7fa1326373ff3f7b2937515735c83bea17f3b6ee89e5307f,.uid
178,experiments/terrace/lab/world.gd,14251,bed36800dcfd48234ddf51fe39faf1633d4f25da48ca86faf7ae3994738bb7f0,.gd
179,experiments/terrace/lab/world.gd.uid,20,d180d5f6dc02314d9598c15a2e6414fe64ca21e2e3299d948dae9372cc6c82a6,.uid
180,experiments/terrace/lab/world.tscn,167,56a6d0702d44bb9950eee23a10d876db460e6e47950b5cc1680b778835c03497,.tscn
181,experiments/terrace/project.godot,775,ceee0616ad7c2c34ac4c43f6474b669a1ceeb2ae8ec10b7315ecb3dfbb2031fe,.godot
182,experiments/terrace/README.md,4355,2b607fe8f660e9fe5cfd27798b2c6a442512cb5cf94715c448b0d143aa386c23,.md
183,experiments/terrace/scripts/build_macos.ps1,1057,2b01476fe824571418934e749d60ca021a0eaa5048dfc127b4c3a9b7dd4912cc,.ps1
184,experiments/terrace/scripts/package_macos.py,5639,aa20363121489b5910e25e59215468e5354182b80157ac61fd9e57507d5ed5ea,.py
185,experiments/terrace/tests/combat_performance.gd,3014,a636b5c0743f2070af42aefe1bef0a75b91838bff8d8d8eed7a484bac9e8fac1,.gd
186,experiments/terrace/tests/combat_performance.gd.uid,19,ecb62847babffb80a6c30f0f9210e6f51affcf4e4b1f9015979b905180bf5668,.uid
187,experiments/terrace/tests/core_response.gd,2881,1e5194e87e2b894628a587d57d123dc20705571416704b7b2b4bd38d7b1d72f5,.gd
188,experiments/terrace/tests/core_response.gd.uid,20,c4e4d08b85392269ef57fa7519337ac15335c3872307bd65543c818057c60e1c,.uid
189,experiments/terrace/tests/diagonal_strike.gd,1698,875c549f1bbc2ff21569a59d885448f8a0a818f08a6a6711457cbfa2aa61a348,.gd
190,experiments/terrace/tests/diagonal_strike.gd.uid,19,7e4972e1ea70426bf9aef87371321ba42074ae925ccb744b28794b5327245eba,.uid
191,experiments/terrace/tests/exploration.gd,3997,7bb19fb68b4a1c5baf363177b6e1885db433bfedeed157b389c1182b65ab9e36,.gd
192,experiments/terrace/tests/exploration.gd.uid,19,f9113ecfebd06728343fd43a8ee68deffe2daf53dcd7066ea2bebadcda48fd32,.uid
193,experiments/terrace/tests/gait_cycle.gd,2457,e251fccce6db56c0cd5da75840f2a32e868dca2aa84923050094dc6fe6c4e309,.gd
194,experiments/terrace/tests/gait_cycle.gd.uid,20,033225b1bc642685a1819b768155aedccf0be765912d89d1233864834d0ac918,.uid
195,experiments/terrace/tests/ground_surfaces.gd,3162,259ae6a2b55e280b67ff4a4146128847d2f6daff1796b1f2607568941bfd54a1,.gd
196,experiments/terrace/tests/ground_surfaces.gd.uid,20,84dc21d296bddc6d063f8bcc0b40b883302a6b1e746fe4f504b93a785c850772,.uid
197,experiments/terrace/tests/grounded_run.gd,2402,5e96e968275f9cc544a12217683034451535d3503d3c73a971fac11e5efa7c15,.gd
198,experiments/terrace/tests/grounded_run.gd.uid,19,a50a02ee32003ae0582d90ebd8be8378411a3d314f93a1acf16328a4c16e9f6c,.uid
199,experiments/terrace/tests/hand_origin.gd,1596,1b3db84e9c5da9f78832acb85e55a4782c9bc76faa9da9ad66e553acb40e8338,.gd
200,experiments/terrace/tests/hand_origin.gd.uid,19,8f78ded9bfe97c1c177db4e2f6d79120c16ddbadaa2b25f9f84244d95696e3ad,.uid
201,experiments/terrace/tests/hud_concepts.gd,2895,421ff441ae66c1d424de0caf1ff16844da58898677be7d71863b6a769d0725c1,.gd
202,experiments/terrace/tests/hud_concepts.gd.uid,20,fc1a179e8cc12c9530d4ef68c8c364d7d6403a38cab5ddfce8d903163665d540,.uid
203,experiments/terrace/tests/journey_flow.gd,3958,49efe1694f5edc30269d0411773f5f4e6a8c7032be3e0272e6b53cac4a52649a,.gd
204,experiments/terrace/tests/journey_flow.gd.uid,20,701bc1027fcaa2a1ca080d5715ff2412fb5be9197382cd429eb87e0d2e85060b,.uid
205,experiments/terrace/tests/journey_playthrough.gd,2813,b53b4af9bd6ffd386efb6961c55aef6e3556a5479417bbf01bf52ccf721bb04e,.gd
206,experiments/terrace/tests/journey_playthrough.gd.uid,20,083595e0ea088b992c72c71091e93c66807cbfc2f606a1ef54a83913a7b02f3f,.uid
207,experiments/terrace/tests/journey_routes.gd,3755,11dbf43832d4261f7c871832bb9e86a6d849dbd46cbbc6094b5828585f626aa9,.gd
208,experiments/terrace/tests/journey_routes.gd.uid,20,4c1aa95e3e87a919df942ba8fb90748ccc3a445988c62a5383e13849865396dd,.uid
209,experiments/terrace/tests/keyboard_choices.gd,3191,e2ab0496a24d0fa2a28bed318f8aaf46dc306bbe25b802a3d44e92c5d2aaea05,.gd
210,experiments/terrace/tests/keyboard_choices.gd.uid,20,04732dc470e8af1838cf4ad3c3a744323c304ad24e8968de1af20b03bdb6c742,.uid
211,experiments/terrace/tests/lab_combat.gd,1052,0cadbbb3f824bde3ebc37d49075d25fb8b76971e974c9456d2836077d2950d54,.gd
212,experiments/terrace/tests/lab_combat.gd.uid,20,e8d79c4adbe7d895f21635f7ba7a16b513cb1b6a771ea213be41b3806ec16676,.uid
213,experiments/terrace/tests/lab_contract.gd,2288,92a1ec318e9e7ebddcd4ff0cc3ff365b73a0fcecba63a32b4c1117571114a926,.gd
214,experiments/terrace/tests/lab_contract.gd.uid,20,bf5d542af0f359660c7387b6e97966135aa8b241eef9a42ed445cfff9c590f18,.uid
215,experiments/terrace/tests/lab_flow.gd,5892,a58b60b8a1d92dfd4fc47be687ce8247e09255c0be345a0b9bda92c494d5f6f8,.gd
216,experiments/terrace/tests/lab_flow.gd.uid,20,a4b8eea4debdae0b34241e53218f134f60394d72fef27fe57f90308d8b831260,.uid
217,experiments/terrace/tests/lab_footing.gd,2050,a4e1b94ef9604e4dd7c284a032ac0f5d24cfabb5b2fec99be524687bb2a90627,.gd
218,experiments/terrace/tests/lab_footing.gd.uid,20,231193c14c0e50d4fa47df52c10087b16058af16fd1fdf0fbd88c1e50d4c797b,.uid
219,experiments/terrace/tests/lab_growth.gd,3843,c466123feeb702473e478a6c61a97d4b3dcf48d3d72040f5b00261e9b3dc27c8,.gd
220,experiments/terrace/tests/lab_growth.gd.uid,20,05e1fe97994704928180db25d4b4384cab49b77a31bd5e218821eea6b6bf66e7,.uid
221,experiments/terrace/tests/lab_render.gd,1247,1c642592ae600b4b7e44e7b99fc483ed5e881280f954262ca26f178634107480,.gd
222,experiments/terrace/tests/lab_render.gd.uid,20,099989b38e467ebac76ab7349d0a7331c37b07b5e70bdf41b34a037eb8bca14c,.uid
223,experiments/terrace/tests/live_combat_performance.gd,4604,e5b78511d4003a4af9c9b3b4afd5c02cd06de4310ad5cc4d6ea3b6445b8ebfa2,.gd
224,experiments/terrace/tests/live_combat_performance.gd.uid,20,a551e85050e82c5b9d7f1909754f8d9b54fad7786c2920023f854da6a3279a4a,.uid
225,experiments/terrace/tests/lookout_contract.gd,1629,d4733d1128cb6ff1a39405845085d11dc3ae41acec36d8ba0569ef0b65eb1233,.gd
226,experiments/terrace/tests/lookout_contract.gd.uid,19,a57f69d21cc255aefbef6b321987cd6c4c53c2bcf9aa20321c76b77b6a079ab1,.uid
227,experiments/terrace/tests/moving_strike.gd,2907,06cd030ec15b31d2981e6b952478fef6ca554d6f7e6cc757df889eabe4afc944,.gd
228,experiments/terrace/tests/moving_strike.gd.uid,20,f912f550a5f9a98b17961898764e050bb2bd720cd6b0f232549696ebe303873f,.uid
229,experiments/terrace/tests/presentation_review.gd,1268,48dacbe7885a061a0d47c6d2c9b5e1880de89b65aa92b7299c473a4320623547,.gd
230,experiments/terrace/tests/presentation_review.gd.uid,20,4ea9df192fbbbbc829a9e5c33adf54b21a12be4e6d7f0280401bdbe89c01f2cb,.uid
231,experiments/terrace/tests/render_surface_motion.gd,3624,6572317f10f2a1bb093545b3797f7719acc0807ef2f1bf75d1378ae05c085ad6,.gd
232,experiments/terrace/tests/render_surface_motion.gd.uid,20,0ebf495da066400e44ffdd7dcf8ad5beb323b35b218b32e1d94fbf609d5a29a5,.uid
233,experiments/terrace/tests/save_queue_contract.gd,1546,89e7ed4b1a76ee765f21cfdfe0a39b39b1c3433b2d6f4efe452473b564d0057d,.gd
234,experiments/terrace/tests/save_queue_contract.gd.uid,20,07f9205ba2b112884a6afc83986564b796253d30385403f87db77c8c237e48ac,.uid
235,experiments/terrace/tests/slope_cues.gd,2699,041d12846ef9cd6ca44e034509622022d363a91a3cc4a2f71022d248449465d3,.gd
236,experiments/terrace/tests/slope_cues.gd.uid,20,ceb0046d9f5d6d2eea4067ffd5f6dfbf204d5738583e45b8eeee617091c2705b,.uid
237,experiments/terrace/tests/strike_range.gd,1550,e92e3e1b8a37ae1c3bf10e302948e1f2d6b72a56ef903c40225da85a6a2f37a4,.gd
238,experiments/terrace/tests/strike_range.gd.uid,19,d4253be2598d3d0ce5e499c02d0a08138cbfc1bebbc66fe795ecbcc4e983a2dc,.uid
239,experiments/terrace/tests/terrace_review.gd,2288,3fff8a3e8a5142612d13d2df06e637729e76468779ed433511158ee18f3eabeb,.gd
240,experiments/terrace/tests/terrace_review.gd.uid,20,e878cfbec90eaec6707307d5a651f8edde452c83e97f5fad4ffd15dda2963899,.uid
241,experiments/terrace/tests/terrain_probe.gd,990,9fb205a4fd9f0777b5542799bb2e5f6e6bbc03b7475de2016b6da11a1200d851,.gd
242,experiments/terrace/tests/terrain_probe.gd.uid,19,8976995fd3b4ad696291480bb24f6b4f7c01ad4a3fbcdae6eac7edde20b0d96b,.uid
243,experiments/terrace/tests/threshold_contract.gd,1518,d8e83ef30893a9bf800214bd5e7074a9c99298955f1ab3e676ad7fe0ff7c53d1,.gd
244,experiments/terrace/tests/threshold_contract.gd.uid,20,f87d3e44a0bee1924b0b4049c9c11cd1a5449d21de19b6f791df46cacb98ad5b,.uid
245,experiments/terrace/tests/warning_cache_contract.gd,4792,4e40eae2d4005238342e0da9075db424ae5cc75884062e8cf912e85a5349209e,.gd
246,experiments/terrace/tests/warning_cache_contract.gd.uid,20,82ea5f860bc920430d23975654dafe0ce47b05572f959936f88851d4731732cc,.uid
247,experiments/terrace/tests/warning_damage.gd,1758,29adb66e7040a85f32203fabb6f247ce2b90ef259b1f539c7e823e4d9d1f64fd,.gd
248,experiments/terrace/tests/warning_damage.gd.uid,20,69ed23aba50eca73e67e08d55b1567432a08e3a87ffbfaf1509fa312b4e191bc,.uid
249,docs/ART_PRODUCTION_CONSTRAINTS.md,18486,74365e50df7074ac53f0e18adfd5ea3292d9c374801fcc95dbff9ea91a477de3,.md
250,docs/CLEANUP_PLAN.md,1948,8254be6d2b11bddc689b69eff4307ab5461e1ce3afe7abfc8db2af08751df217,.md
251,docs/CURRENT_STATE.md,423,493a32fbdafa93cc7f0e05fd39d1b16b49f9ff91d46ab0e4fa7ce9e1d2c24433,.md
252,docs/D118_DISK_CLEANUP.json,1681,f3de955867a3bf177a9afb4a3994ca01cefde2275d3c05bf2665a6b1eb41a635,.json
253,docs/D118_DISK_CLEANUP.md,2741,62136da2400a68eb539644a5787f673e74b72602a5528fe9ba882f19d2f66456,.md
254,docs/design_refs/ASSET_MANIFEST.json,8021,26ed13ae3c5f5a2d639f5c148cec44d3f9e3959643ecad8280859111d72b99ef,.json
255,docs/design_refs/file_0000000007d482119782ee8cb193c0e1.png,1099764,7451ce7bdb74ac5e110e2524343ab8b25d074dc2a329d83d5253df5cd5221c5b,.png
256,docs/design_refs/file_000000000cf88211bec5b54d1b75e86e.png,966763,236c9792f9a1dc3a5c1a382eaf4887d55a5d00ef3bb36382126839a468ab0823,.png
257,docs/design_refs/file_00000000137c8230b75a674685952857.png,2172186,32e7422b3fb1a54eba42b357e2e8258e131b848a28bf09275a2560cf1d3e495d,.png
258,docs/design_refs/file_0000000013c88211a31328d5a01b10ab.png,1706438,6ee0be3511bd587b64049dbcb8ecd04e80123fb1ca8bb5bfa131a0e68986858f,.png
259,docs/design_refs/file_0000000017e881f4af688ffa4f4c9338.png,1021845,42a21b27326035c91afad2453d0f185bfac09edfe96a9a7922e5f0809eddf448,.png
260,docs/design_refs/file_000000004bc882118250962bba6930fe.png,1850262,aa6081a3c9c808b9ed2a99e2614739f6e2e0d9e89ed54da9fbe29a5eceef9102,.png
261,docs/design_refs/file_000000005264820ea2400c746aa4926b.png,1744837,5a8d9d02c8d71ad40c5f1528819685417bd04fbf789d161e20f17784228a17c6,.png
262,docs/design_refs/file_00000000611c82118fe016615ba370c6.png,2119795,3b93187123d8d42992cccfb159cb9cc70a972d6f2a8aeb5c6f91cba7d8750299,.png
263,docs/design_refs/file_00000000620881f78f62d84482cf7590.png,927886,3d5a7c47b2e8a5cd55a3d8d35eb3f8202d2391bd6633b2acc368fc6d440de478,.png
264,docs/design_refs/file_000000006a148211864c646c7ca8d1ed.png,1654804,8c95b81b94281c96427a4ffdad5e8949ac94dcfb97baf44958e3d1622b3227dc,.png
265,docs/design_refs/file_0000000070488211bfaf60d556d10dde.png,1596191,ad3204151218156cd7e6f4d77b849f78d285bfbbbd790a7b4f2e6a0378ed0b95,.png
266,docs/design_refs/file_000000008fe88211851f3f98b4bd1c9b.png,1442864,528941a46d56ed697cebe59757b2a1c7aad52b7208a384fed6bc2c840f67b67e,.png
267,docs/design_refs/file_00000000b06c81f88e23d05e568e2620.png,1240920,eae67b9debd01900611ae10d3a3dca8c562fa2e377cc63cbd298544fcdeea1ba,.png
268,docs/design_refs/file_00000000c25082119a4456203fc02b29.png,1854759,ec8ca57795e829369ec2af19046ac1bcdb40b9adebcf4fd1563347825c1de8f5,.png
269,docs/design_refs/file_00000000e370821197780fa54d4158b0.png,861604,e1e560e6686d367900ed830af37de5697782babd40589e90028545bd9dfdff76,.png
270,docs/design_refs/file_00000000ea5481f48bdcfdab84f9ba3d.png,893135,4e43c6f10f02f74c13fc512048dc9cd6e19e8491181803a6650564b6a022beb0,.png
271,docs/design_refs/file_00000000f530820d99318610d85d83e4.png,807900,2e1775f0c23e15cb488b56769ba74cd444eee3ddaa887cf355f916a16d8d06d7,.png
272,docs/design_refs/file_00000000f6c48206a7f5472edbe641e1.png,1071588,33dfde102bf214a9b2c89e634d343c2c172de8856c622353d64e5b7960e0c2f8,.png
273,docs/design_refs/file_00000000fe8482119f76e7ebf30f8900.png,1336316,d23a5ae41573c9e83f6e12151c159aa52f5e180bb85793dba5e2b9181f8770cd,.png
274,docs/design_refs/README.md,2277,bf26464df25bc717cda5ad37bd7a2d289a834bba2ed9a6d742ebd098316b0a78,.md
275,docs/DOCUMENTATION_PROTOCOL.md,3389,b28a9c2e1b63f1527b1b109e9e82d9703512612620e830f57ffd529695c0d0a6,.md
276,docs/FONT_DISTRIBUTION.md,1842,a5323b02cdecbc1acefe8f499194c242a456f79b671950dc149ad22f8f09f8ff,.md
277,docs/GAME_MASTER_ROADMAP.md,9101,00d4bad542cc0118e8ad62fd48752885eb3e8b73c5e849a1e91e8f8815bada1c,.md
278,docs/GAME_PROJECT_SOURCE.md,16480,bfaa4cb55d560995fce68cc21601189a800d1abc9284da16595160c28a96658d,.md
279,docs/MIGRATION_VERIFICATION.md,2203,45d7ed482b9a3e565064f5553d3f95a032dc0d5867c44813fc3bf108cbf59bdc,.md
280,docs/NEW_PROJECT_START_PROMPT.md,2141,7e4b6e12de71368c66d4f06acd0c792ff29ff808138c479f118c1f6a3a438fa6,.md
281,docs/NEXT_IMPLEMENTATION_PACKETS.md,14066,159bf8bc12f7f1ee765fe5332c98411fe4215baa5a60a3947a4048a712bf62aa,.md
282,docs/NEXT_SESSION_HANDOFF.md,5494,8833ffc75d6def77f0fff60a750d8c5c427a282ab59142ba48d49a1520d323d2,.md
283,docs/RENDER_QA.md,7660,32debd79950039216609910c896956a514404b1ca82e3d79674e88b92013eb3d,.md
284,docs/SOURCE_PACK_GUIDE.md,5432,01baf889e1d707dff3f85941a189417328c9cdc576c09cfb22b2f0803bbfb6b7,.md
285,docs/START_HERE.md,420,f1276bb63075efa3b4aab3c01c545c1f20aa86d29f037d1694ebd0ecffe5c4a7,.md
286,docs/STORY_CANON.md,6611,bf227ea0b95aad0d17acef7b5219a2d0fb227db88c4bb4af8c99fa63bc2258e5,.md
287,docs/WORK_LOG.md,523,3f46ca0c33fcd2de08f91585245bd235d9af1fcd54699b0d953685c08266c359,.md
288,docs/DISCUSSION_LOG.md,523,3f46ca0c33fcd2de08f91585245bd235d9af1fcd54699b0d953685c08266c359,.md
289,docs/DECISION_HISTORY.md,523,3f46ca0c33fcd2de08f91585245bd235d9af1fcd54699b0d953685c08266c359,.md
290,docs/EXPERIMENT_PLAN.md,138,c2005402dd20907ef3483ee5c30cda408dfdf935b7998ab8227e2eec3842fd1b,.md
291,AGENTS.md,4974,53f4f51d340294f8c639e03fc7a302e2fb6e327aa30e1d235d810f43bb783793,.md
292,scripts/package_project_source.py,6845,80db42a14577d95dcbebfadfde3e2cccdb08aa941811b35b24f665f420cb697e,.py
293,READ_FIRST.txt,404,eba4bc7241f02e56ef54396159fbf3d0dc2cc1f9c302f23067920515f0ba9954,.txt
294,PACKAGE_MANIFEST.json,54895,bb88c5329abe3791e963b91d4f52a64d83b172115b3bc2e009483bb90ccc5dcc,.json
